acquisition_duration,current_target_temperature,num_reads,current_speed,new_target_temperature
808,34.0,32082,407.86014201645395,33.69
1408,33.689998626708984,2386,401.2217102050781,
